﻿<?xml version="1.0" encoding="utf-8" ?>
<castle>
	<components>

		<component id="dispatcher"
			lifestyle="singleton"
			type="nu.Dispatcher, nu" />

		<component id="help"
				   lifestyle="singleton"
				   service="nu.Commands.ICommand, nu"
				   type="nu.Commands.HelpCommand, nu" />

    <component id="project"
				   lifestyle="singleton"
				   service="nu.Commands.ICommand, nu"
				   type="nu.Commands.NewProjectCommand, nu">
      <parameters>
        <templateDirectory>config\project\cs-35\</templateDirectory>
      </parameters>
    </component>

    <component id="list"
       lifestyle="singleton"
       service="nu.Commands.ICommand, nu"
       type="nu.Commands.ListCommand, nu" />

		<!--<component id="inject"
				   lifestyle="singleton"
				   service="nu.Commands.ICommand, nu"
				   type="nu.Commands.InjectCommand, nu" />-->

		<component id="argumentParser"
				   lifestyle="transient"
				   service="nu.Utility.IArgumentParser, nu"
				   type="nu.Utility.ArgumentParser, nu"/>

		<component id="argumentMapFactory"
				   lifestyle="transient"
				   service="nu.Utility.IArgumentMapFactory, nu"
				   type="nu.Utility.ArgumentMapFactory, nu"/>

    <component id="consoleHelper"
       lifestyle="transient"
       service="nu.Utility.IConsole, nu"
       type="nu.Utility.ConsoleHelper, nu"/>

    <component id="Package.LocalPackageRepository"
       lifestyle="transient"
       service="nu.Model.Package.ILocalPackageRepository, nu"
       type="nu.Model.Package.LocalPackageRepository, nu"/>

    <component id="fileSystem"
               lifestyle="transient"
               service="nu.IFileSystem, nu"
               type="nu.Utility.FileSystem, nu" />

    <component id="xmlProjectManifest"
               lifestyle="transient"
               service="nu.Model.Project.IProjectManifest, nu"
               type="nu.Model.Project.XmlProjectManifest, nu">
    </component>

    <component id="templateProcessor"
               lifestyle="transient"
               service="nu.Model.Template.ITemplateProcessor, nu"
               type="nu.Model.Template.NVelocityAdapter, nu" />

    <component id="xmlProjectPersister"
               lifestyle="transient"
               service="nu.Model.Project.IProjectManifestStore, nu"
               type="nu.Model.Project.XmlProjectManifestStore, nu" />

    <component id="projectGenerator"
               lifestyle="transient"
               service="nu.Model.Project.IProjectGenerator, nu"
               type="nu.Model.Project.ProjectGenerator, nu" />
    
	</components>
</castle>